7,3,3,71.59420289855072,16.10789270172531,0.0
11,4,4,54.20289855072464,24.540574345281964,-0.0606
13,5,5,61.15942028985508,20.365565502448455,0.0
14,6,6,57.68115942028985,19.909765702082357,0.0
15,7,7,57.97101449275363,20.269376075739956,0.0
19,8,8,60.0,21.177460860189278,0.0
20,9,9,60.57971014492753,19.63433845019515,0.0
21,10,10,59.71014492753622,20.911382128001357,0.0
22,11,11,63.04347826086956,19.40824159725021,0.0
23,12,12,59.71014492753623,20.887216221727417,0.0
25,14,14,54.20289855072465,18.9421605357458,-0.2222
27,15,15,59.2753623188406,18.774486280322776,-0.1538
6,3,3,56.811594202898554,27.08904622021184,0.9315
7,4,4,59.1304347826087,29.919376365920517,1.0
12,5,5,68.40579710144927,24.368168614685214,1.0
13,6,6,72.46376811594202,20.030718613824394,1.0
17,7,7,71.30434782608697,20.443050495718243,1.0
20,8,8,71.01449275362319,19.317516586753356,0.7826
21,9,9,73.76811594202898,18.21045176154852,0.9296
22,10,10,71.44927536231884,18.499961423834268,0.7826
24,12,12,72.46376811594203,20.626975358220452,1.0
26,13,13,71.7391304347826,21.692748060156116,1.0
27,15,15,72.02898550724638,20.93132422405491,1.0
6,2,2,74.34782608695653,11.075260564629561,0.0
7,3,3,77.68115942028987,11.47834071916961,0.0
11,4,4,80.00000000000001,6.4353819944227615,0.0
12,5,5,79.27536231884058,8.100163468803823,0.0
13,6,6,77.97101449275362,7.570485649179157,0.0
14,7,7,78.2608695652174,8.46081671066703,0.0
18,8,8,74.20289855072465,16.82402656929635,0.6154
19,9,9,69.27536231884056,23.50492150784665,0.6154
21,10,10,77.53623188405797,15.512047820328258,0.6154
22,11,11,77.82608695652175,13.12752893008715,0.6154
23,12,12,77.82608695652173,13.80267488540169,0.4444
24,14,14,77.82608695652175,14.163856963874794,0.4444
26,15,15,77.68115942028984,13.273912388960373,0.8889
27,17,17,74.78260869565216,15.821800806613796,1.0
5,2,2,56.66666666666667,17.20347627543908,0.1379
6,3,3,52.89855072463769,17.38757096511051,0.2169
7,4,4,60.28985507246376,18.800199963428852,0.9296
8,5,5,58.55072463768114,18.11372845501286,0.6269
9,6,6,55.072463768115945,19.742523587255114,0.6269
10,7,7,59.275362318840585,18.69360939090487,0.6269
12,8,8,64.4927536231884,21.756427023304582,0.5455
13,9,9,61.15942028985508,20.365565502448472,0.5455
17,10,10,64.05797101449275,15.040568766752287,0.5455
18,11,11,64.05797101449276,15.921414387551492,0.5455
22,12,12,66.66666666666666,14.839205511145824,0.5455
23,13,13,65.65217391304348,14.683006827749326,0.5455
26,15,15,66.66666666666667,14.907119849998557,0.5455
27,16,16,67.97101449275362,12.860523358138856,0.5455
4,4,4,51.88405797101449,12.38384769748352,0.0449
8,5,5,54.20289855072464,18.88875971952012,0.3373
12,6,6,57.39130434782608,18.173032572133078,0.557
14,7,7,56.521739130434774,19.396924177431252,0.4444
15,8,8,57.68115942028986,18.86782260643163,0.557
16,9,9,53.91304347826087,19.889903380303842,0.3902
22,10,10,54.782608695652165,18.717087934937002,0.4444
23,12,12,51.8840579710145,21.149446274875853,0.3373
27,13,13,56.811594202898554,18.57222485950145,0.6154
2,2,2,60.14492753623188,10.322000670802451,0.4
5,3,3,49.71014492753624,15.824576317696662,0.2857
6,4,4,50.72463768115942,13.102414063139262,0.2529
7,5,5,47.3913043478261,12.7903262742254,0.2222
8,6,6,46.52173913043478,14.44174158016433,0.1935
11,7,7,60.14492753623189,17.907683043583823,0.4928
17,8,8,51.15942028985508,18.92592406380365,0.4444
18,9,9,49.85507246376812,21.75339891866813,0.4
23,10,10,45.65217391304348,22.483097638064073,0.321
24,11,11,46.23188405797101,19.77919394099882,0.359
27,13,13,56.811594202898554,24.463501175572507,0.6667
7,3,3,77.97101449275362,7.570485649179245,0.0
8,4,4,72.75362318840578,8.327402368998179,0.0
14,5,5,78.69565217391305,2.4077170617154358,0.0
18,6,6,71.59420289855075,9.68543450928899,0.0
20,7,7,70.8695652173913,7.535598432889397,0.0
21,8,8,74.20289855072463,7.7990799317723285,0.0
22,9,9,71.88405797101449,11.756197031478841,0.0
23,10,10,73.47826086956523,8.673555587814773,0.0
27,12,12,69.42028985507247,10.476147699380546,0.0
9,3,3,49.56521739130435,13.038573224993668,0.0449
10,4,4,49.420289855072454,14.996705830640016,0.0449
16,5,5,48.69565217391305,14.932140456779551,0.0
20,6,6,52.7536231884058,18.192355312915307,0.4444
21,7,7,54.92753623188406,18.986160967936488,0.557
22,8,8,58.405797101449274,17.1702575008015,0.557
23,9,9,58.98550724637681,17.420375351367156,0.6154
24,10,10,57.3913043478261,17.493332690639097,0.6154
25,12,12,57.10144927536233,16.15281655478736,0.6154
26,13,13,59.420289855072454,16.686417809287494,0.6154
27,15,15,53.91304347826088,14.27196778859273,0.4
8,4,4,79.71014492753623,11.673722692148905,0.0
9,5,5,81.59420289855073,9.737440251104442,0.0
10,6,6,82.02898550724639,10.812410118025666,0.0
14,7,7,75.94202898550724,18.639496507135785,0.8889
15,8,8,76.66666666666667,17.144660799776478,0.7619
16,9,9,78.9855072463768,16.156894347561934,0.8889
21,10,10,79.42028985507247,15.296800151066224,0.4444
27,12,12,72.02898550724639,20.639746162472385,1.0
5,2,2,40.72463768115942,22.762642657358487,0.0
6,3,3,45.072463768115945,21.739262186689032,0.2857
10,4,4,60.72463768115942,16.482513591134975,0.2424
11,5,5,56.52173913043478,17.01093708989393,-0.0606
13,6,6,62.753623188405804,13.129201546381147,0.0
14,7,7,62.898550724637694,15.900713020861751,0.0
16,8,8,58.985507246376805,20.21187726147737,0.0
17,9,9,58.84057971014494,20.090922007797644,-0.0606
18,10,10,56.23188405797102,21.01717306063527,-0.0606
22,11,11,59.420289855072454,20.68650499241124,0.0
23,12,12,59.71014492753623,20.887216221727417,0.0
25,14,14,54.20289855072465,18.9421605357458,-0.2222
26,15,15,55.79710144927536,17.644565687123624,-0.25
27,17,17,59.2753623188406,18.774486280322776,-0.1538
5,2,2,51.449275362318836,20.788159191769363,0.2222
11,3,3,71.8840579710145,9.683167054146386,0.0
12,4,4,71.59420289855073,9.038054520333217,0.0
17,5,5,73.91304347826087,7.361665237137603,0.0
18,6,6,76.3768115942029,7.1005081250997115,0.0
20,7,7,75.5072463768116,9.566814255654636,0.0
21,8,8,74.49275362318839,8.967319771876504,0.0
22,9,9,72.17391304347825,10.945627587535865,0.0
23,10,10,73.47826086956523,8.673555587814773,0.0
27,12,12,69.42028985507247,10.476147699380546,0.0
15,4,4,78.11594202898551,12.011193725169665,0.2424
16,5,5,77.10144927536234,13.268948632206131,0.4444
17,6,6,78.55072463768116,12.942221522438883,0.4444
18,7,7,77.39130434782608,15.953104309513968,0.6154
19,8,8,76.95652173913045,15.139520944286302,0.4444
20,9,9,78.26086956521739,13.812217005369757,0.4444
21,10,10,76.5217391304348,15.455320448676432,0.4444
22,11,11,77.82608695652175,13.12752893008715,0.6154
23,12,12,77.82608695652173,13.80267488540169,0.4444
24,14,14,77.82608695652175,14.163856963874794,0.4444
26,15,15,77.68115942028984,13.273912388960373,0.8889
27,17,17,74.78260869565216,15.821800806613796,1.0
5,2,2,57.10144927536233,25.94291222615195,0.1379
8,3,3,69.56521739130434,21.63294223454868,1.0
9,4,4,68.55072463768116,22.737547084741337,1.0
10,5,5,68.55072463768117,24.01233031229553,1.0
15,6,6,72.02898550724639,17.254457202950935,0.9296
16,7,7,73.04347826086956,16.8448968227158,0.9296
17,8,8,70.0,19.847906537954916,0.7826
18,9,9,73.33333333333333,19.09571848992506,1.0
22,10,10,71.44927536231884,18.499961423834268,0.7826
25,12,12,73.62318840579711,20.173816500609448,1.0
26,13,13,75.07246376811595,18.25381004140417,1.0
27,15,15,72.02898550724638,20.93132422405491,1.0
5,2,2,51.449275362318836,20.788159191769363,0.2222
6,3,3,54.34782608695652,18.434563020211733,-0.2222
7,4,4,50.0,18.775655848072333,-0.1905
8,5,5,48.985507246376805,20.509539111209666,-0.1111
14,6,6,65.21739130434784,16.012182450395994,0.0
15,7,7,71.0144927536232,9.818287544771353,0.0
16,8,8,66.52173913043477,16.498492764631912,0.0
21,9,9,72.89855072463767,11.73376152051382,0.0
23,10,10,73.47826086956523,8.673555587814773,0.0
27,12,12,69.42028985507247,10.476147699380546,0.0
2,2,2,64.34782608695652,10.79818459343209,0.4
3,3,3,55.072463768115945,12.747333459221842,0.321
8,4,4,44.63768115942028,21.94435410776202,0.1414
11,5,5,39.130434782608695,16.33665369170735,0.1935
12,6,6,37.82608695652174,16.036848214619994,0.2222
13,7,7,42.31884057971015,18.679508099440575,0.2529
16,8,8,51.30434782608695,20.639746162472434,0.4444
17,9,9,53.91304347826088,17.455634207004035,0.4
23,10,10,45.65217391304348,22.483097638064073,0.321
24,11,11,46.23188405797101,19.77919394099882,0.359
27,13,13,56.811594202898554,24.463501175572507,0.6667
3,3,3,61.01449275362319,21.33036870046256,0.0
4,4,4,54.05797101449276,22.762642657358455,-0.0606
8,5,5,73.18840579710145,11.4802536165614,0.0
9,6,6,67.24637681159422,14.996705830639916,0.0
11,7,7,69.42028985507245,14.724821822010083,0.0
12,8,8,69.71014492753625,15.272376974881405,0.0
16,9,9,71.73913043478262,13.84873422423591,0.0
17,10,10,72.60869565217392,14.318051110932695,0.0
19,11,11,72.02898550724638,16.689049528854174,0.0
23,12,12,59.71014492753623,20.887216221727417,0.0
25,14,14,62.753623188405804,19.086516842124187,0.0
27,15,15,59.2753623188406,18.774486280322776,-0.1538
2,2,2,59.2753623188406,18.448851535226154,0.6269
4,3,3,62.46376811594203,13.529518469050954,0.0984
5,4,4,62.463768115942045,15.414062558256473,0.0984
6,5,5,65.21739130434781,12.465146842884334,0.375
7,6,6,64.6376811594203,10.236552175374973,0.0984
8,7,7,63.91304347826087,13.395769493246956,0.5455
9,8,8,61.15942028985506,14.859907950425727,0.5455
13,9,9,66.23188405797102,11.516538298020976,0.5455
17,10,10,65.65217391304348,10.609447981560118,0.1935
18,11,11,67.3913043478261,9.208939537930686,0.2857
22,12,12,66.66666666666666,14.839205511145824,0.5455
23,13,13,65.65217391304348,14.683006827749326,0.5455
24,15,15,64.63768115942028,14.555332614196104,0.5455
26,16,16,66.66666666666667,14.907119849998557,0.5455
27,18,18,67.97101449275362,12.860523358138856,0.5455
7,3,3,50.72463768115942,15.240712414057626,0.1379
8,4,4,57.10144927536233,16.856624985000284,0.557
14,5,5,55.50724637681159,18.384465765064892,0.557
18,6,6,56.66666666666667,16.907353011591887,0.6154
19,7,7,56.95652173913044,16.994147640245032,0.6154
20,8,8,58.405797101449274,16.045061709762678,0.6154
23,9,9,58.98550724637681,17.420375351367156,0.6154
24,10,10,57.3913043478261,17.493332690639097,0.6154
25,12,12,57.10144927536233,16.15281655478736,0.6154
26,13,13,59.420289855072454,16.686417809287494,0.6154
27,15,15,53.91304347826088,14.27196778859273,0.4
16,6,6,78.98550724637683,2.5494666918439166,0.0
17,7,7,78.84057971014492,4.562550196449981,0.0
18,8,8,79.42028985507247,2.3894071605382665,0.0
19,9,9,77.97101449275362,4.686012975962694,0.0
23,10,10,73.47826086956523,8.673555587814773,0.0
27,12,12,69.42028985507247,10.476147699380546,0.0
4,4,4,67.2463768115942,12.4174923017363,0.5455
6,5,5,64.6376811594203,8.974663012991039,0.0984
10,6,6,63.62318840579711,18.060309836549916,0.5455
14,7,7,65.07246376811595,12.747333459221842,0.4615
15,8,8,66.52173913043478,12.531909206226162,0.375
19,9,9,64.63768115942028,12.938827731500158,0.2857
20,10,10,66.52173913043478,13.313555819356322,0.5455
21,11,11,67.3913043478261,11.761799222424123,0.5455
22,12,12,66.66666666666666,14.839205511145824,0.5455
23,13,13,65.65217391304348,14.683006827749326,0.5455
24,15,15,66.37681159420289,13.740489584379679,0.5455
27,16,16,67.97101449275362,12.860523358138856,0.5455
6,3,3,77.68115942028986,6.311348013392754,0.0
7,4,4,72.8985507246377,10.362341874173921,0.0
8,5,5,71.8840579710145,12.824616754725124,0.0
13,6,6,76.95652173913044,9.261249968991363,0.0
15,7,7,79.56521739130434,6.536946111969752,0.0
16,8,8,78.40579710144927,6.102621163735556,0.0
20,9,9,78.26086956521739,13.812217005369757,0.4444
21,10,10,76.5217391304348,15.455320448676432,0.4444
22,11,11,77.82608695652175,13.12752893008715,0.6154
23,12,12,77.82608695652173,13.80267488540169,0.4444
24,14,14,77.82608695652175,14.163856963874794,0.4444
26,15,15,77.68115942028984,13.273912388960373,0.8889
27,17,17,74.78260869565216,15.821800806613796,1.0
9,2,2,71.30434782608695,23.132013114776772,0.4444
10,3,3,69.42028985507245,21.734211125446897,0.4444
11,4,4,71.88405797101449,20.51917277745949,0.8889
12,5,5,69.42028985507248,23.64835343346727,1.0
14,6,6,71.73913043478262,19.92079176800034,0.8889
18,7,7,77.97101449275362,14.34563004713541,0.4444
19,8,8,78.69565217391305,11.622823699179213,0.2424
20,9,9,77.2463768115942,14.201016250199423,0.2424
21,10,10,77.10144927536233,16.27740417551327,0.4444
22,11,11,77.82608695652175,13.12752893008715,0.6154
23,12,12,77.82608695652173,13.80267488540169,0.4444
25,14,14,76.66666666666666,15.699192541804424,0.8889
26,15,15,77.68115942028984,13.273912388960373,0.8889
27,17,17,74.78260869565216,15.821800806613796,1.0
18,9,9,47.82608695652175,12.251930198464816,0.0
22,10,10,54.782608695652165,18.717087934937002,0.3373
23,12,12,51.8840579710145,21.149446274875853,0.3902
27,13,13,56.811594202898554,18.57222485950145,0.6154
14,4,4,68.40579710144927,20.17272799511862,0.5455
17,5,5,69.42028985507247,18.330638201706527,0.1935
18,6,6,70.43478260869566,19.050818477766647,0.2857
19,7,7,71.59420289855073,17.14081799780069,0.2857
20,8,8,75.21739130434784,17.110044511584565,0.7826
21,9,9,74.63768115942028,19.299320405546474,0.9296
22,10,10,71.44927536231884,18.499961423834268,0.7826
23,12,12,73.47826086956522,15.96961321801173,0.7826
26,13,13,75.07246376811595,18.25381004140417,1.0
27,15,15,72.02898550724638,20.93132422405491,1.0
5,2,2,51.8840579710145,18.057877962865366,0.3373
6,3,3,50.86956521739131,18.862002617210717,0.557
10,4,4,62.608695652173914,19.17375420311697,0.5455
11,5,5,62.46376811594203,19.57160877404797,0.5455
15,6,6,64.63768115942028,17.018680480215238,0.5455
16,7,7,61.7391304347826,17.37493740174445,0.5455
17,8,8,64.20289855072464,15.216199212984833,0.5455
19,9,9,65.5072463768116,14.234993716658497,0.4615
20,10,10,65.5072463768116,15.062452335384554,0.4615
21,11,11,65.3623188405797,15.529025623097235,0.4615
22,12,12,66.66666666666666,14.839205511145824,0.5455
23,13,13,65.65217391304348,14.683006827749326,0.5455
26,15,15,66.66666666666667,14.907119849998557,0.5455
27,16,16,67.97101449275362,12.860523358138856,0.5455
2,2,2,63.76811594202898,19.982425304162955,0.9296
5,3,3,65.3623188405797,13.734095684738703,0.0
6,4,4,64.78260869565219,14.7307857031059,0.0984
7,5,5,67.3913043478261,14.104821216685986,0.0984
8,6,6,68.55072463768116,18.085824767807498,0.5455
12,7,7,69.85507246376812,12.967646643250482,0.2857
16,8,8,70.14492753623189,22.72981979578928,1.0
21,9,9,73.76811594202898,18.21045176154852,0.9296
22,10,10,71.44927536231884,18.499961423834268,0.7826
23,12,12,73.47826086956522,15.96961321801173,0.7826
26,13,13,75.07246376811595,18.25381004140417,1.0
27,15,15,72.02898550724638,20.93132422405491,1.0
5,2,2,52.75362318840578,25.517911592318413,0.1935
6,3,3,60.869565217391305,23.381279555250103,0.7368
7,4,4,65.36231884057972,23.153836221073735,0.7917
11,5,5,76.08695652173913,18.793190629948356,0.8889
12,6,6,75.79710144927537,17.443049940205782,0.8889
14,7,7,76.66666666666666,18.45004174531974,0.8889
19,8,8,79.42028985507247,14.895330904026537,0.8889
20,9,9,80.57971014492753,13.767630530240721,0.7619
21,10,10,79.42028985507247,15.296800151066224,0.4444
27,12,12,72.02898550724639,20.639746162472385,1.0
18,5,5,73.47826086956523,7.685632724330318,0.0
19,6,6,74.63768115942028,5.750637244862829,0.0
20,7,7,75.36231884057972,5.662131022141872,0.0
21,8,8,74.4927536231884,8.85396080129578,0.0
22,9,9,72.17391304347825,10.945627587535865,0.0
23,10,10,73.47826086956523,8.673555587814773,0.0
27,12,12,69.42028985507247,10.476147699380546,0.0
6,2,2,60.8695652173913,16.673252980564047,0.5455
7,3,3,57.246376811594196,17.016099741633365,0.6032
8,4,4,56.08695652173914,16.65612314723936,0.4
9,5,5,51.30434782608695,17.830263979270974,0.359
14,6,6,48.69565217391303,19.273133297568457,0.2529
15,7,7,47.391304347826086,19.461345311993657,0.321
16,8,8,54.6376811594203,21.051623187369938,0.359
22,9,9,49.42028985507247,20.21730866384382,0.321
23,10,10,45.65217391304348,22.483097638064073,0.321
24,11,11,46.23188405797101,19.77919394099882,0.359
27,13,13,56.811594202898554,24.463501175572507,0.6667
10,4,4,68.1159420289855,13.58943763029205,0.0
11,5,5,68.69565217391305,11.965401740978454,0.375
15,6,6,68.69565217391305,14.025198478394659,0.1935
16,7,7,68.26086956521739,12.262679079197348,0.0984
17,8,8,68.55072463768117,11.75619703147873,0.0984
18,9,9,68.98550724637683,12.48978502248027,0.4615
22,10,10,71.44927536231884,18.499961423834268,0.7826
24,12,12,72.46376811594203,20.626975358220452,1.0
26,13,13,71.7391304347826,21.692748060156116,1.0
27,15,15,72.02898550724638,20.93132422405491,1.0
10,4,4,62.46376811594203,17.529697494446832,0.5455
11,5,5,65.21739130434781,14.135923396054247,0.5455
12,6,6,62.31884057971015,17.650787106056427,0.5455
16,7,7,68.11594202898551,13.774008863003607,0.5455
18,8,8,67.10144927536231,13.973436119868559,0.5455
19,9,9,67.10144927536231,16.43181036111123,0.5455
20,10,10,67.2463768115942,14.058038927888317,0.5455
21,11,11,67.10144927536231,15.416911474750387,0.5455
22,12,12,66.66666666666666,14.839205511145824,0.5455
23,13,13,65.65217391304348,14.683006827749326,0.5455
24,15,15,66.37681159420289,13.740489584379679,0.5455
27,16,16,67.97101449275362,12.860523358138856,0.5455
7,2,2,57.3913043478261,13.444856390934723,0.557
10,3,3,57.97101449275362,14.168507204316596,0.557
11,4,4,56.81159420289855,14.684502270725964,0.5
12,5,5,58.1159420289855,13.774008863003655,0.557
16,6,6,58.26086956521739,18.170615784759885,0.6154
21,7,7,57.97101449275362,17.077929830862452,0.6154
22,8,8,60.14492753623189,16.52907633580027,0.6154
23,9,9,58.98550724637681,17.420375351367156,0.6154
24,10,10,57.3913043478261,17.493332690639097,0.6154
25,12,12,57.82608695652174,16.224706675911484,0.6154
26,13,13,59.420289855072454,16.686417809287494,0.6154
27,15,15,53.91304347826088,14.27196778859273,0.4
5,2,2,59.56521739130436,10.977679274262487,0.0984
6,3,3,59.71014492753625,13.023407189615348,0.4
11,4,4,55.79710144927536,16.854019432007696,0.6154
17,5,5,51.01449275362319,17.593467067156702,0.3902
20,6,6,52.17391304347826,18.301865435975085,0.4444
21,7,7,55.79710144927538,17.06249331385064,0.6154
22,8,8,60.14492753623189,16.52907633580027,0.6154
23,9,9,58.98550724637681,17.420375351367156,0.6154
24,10,10,57.3913043478261,17.493332690639097,0.6154
25,12,12,57.82608695652174,16.224706675911484,0.6154
27,13,13,53.91304347826088,14.27196778859273,0.4
5,4,4,50.14492753623189,12.410416806972792,0.0449
6,5,5,48.84057971014494,14.34103724085567,0.0
7,6,6,47.82608695652175,12.736993589904401,0.0
8,7,7,46.3768115942029,10.245129095334097,0.0
12,8,8,56.52173913043478,18.54501106016879,0.5
16,9,9,53.91304347826087,19.889903380303842,0.3902
22,10,10,54.782608695652165,18.717087934937002,0.3373
23,12,12,51.8840579710145,21.149446274875853,0.3902
27,13,13,56.811594202898554,18.57222485950145,0.6154
5,2,2,51.449275362318836,20.788159191769363,0.2222
7,3,3,59.71014492753624,14.210290888991576,-0.1111
8,4,4,56.08695652173913,16.746842727102543,0.0
9,5,5,60.14492753623189,17.246819670801216,0.0
15,6,6,71.30434782608695,11.622823699179326,0.0
16,7,7,70.28985507246378,10.58458205366502,0.0
17,8,8,69.1304347826087,13.603972655977882,0.0
22,9,9,72.17391304347825,10.945627587535865,0.0
23,10,10,73.47826086956523,8.673555587814773,0.0
27,12,12,69.42028985507247,10.476147699380546,0.0
2,2,2,53.62318840579709,23.95098200214203,0.0
3,3,3,61.01449275362319,21.33036870046256,-0.0606
4,4,4,53.91304347826086,21.406413036846807,-0.1111
8,5,5,42.31884057971015,23.686393456123252,0.1414
10,6,6,53.188405797101446,23.708632465910007,0.4444
11,7,7,51.01449275362319,21.821932776676643,0.1026
15,8,8,58.550724637681164,20.046060268275035,0.0
16,9,9,58.260869565217384,20.347227374651087,0.0
17,10,10,56.81159420289855,22.994910742820213,0.0
21,11,11,61.01449275362319,17.707921602591636,0.0
23,12,12,59.71014492753623,20.887216221727417,0.0
25,14,14,54.20289855072465,18.9421605357458,-0.1905
26,15,15,55.79710144927536,17.644565687123624,-0.2222
27,17,17,59.2753623188406,18.774486280322776,-0.1538
3,2,2,65.65217391304347,17.93463954375275,0.2424
4,3,3,71.5942028985507,18.0311057050549,0.0
8,4,4,77.53623188405797,6.832586160507393,0.0
9,5,5,74.6376811594203,10.95164442404374,0.0
13,6,6,73.04347826086955,17.80684930865858,0.8889
14,7,7,77.10144927536233,16.370222653443683,1.0
15,8,8,77.53623188405795,15.216199212984833,1.0
16,9,9,75.36231884057969,14.864340436117345,0.8889
17,10,10,71.30434782608695,17.80191598003952,0.8889
22,11,11,77.82608695652175,13.12752893008715,0.6154
23,12,12,77.82608695652173,13.80267488540169,0.4444
25,14,14,76.66666666666666,15.699192541804424,0.8889
26,15,15,77.68115942028984,13.273912388960373,0.8889
27,17,17,74.78260869565216,15.821800806613796,1.0
14,4,4,78.69565217391303,12.380300841418359,0.2424
15,5,5,75.07246376811595,19.32888050125275,0.4444
17,6,6,79.85507246376812,12.731820506259098,0.2424
18,7,7,75.79710144927537,17.843805798033213,0.4444
19,8,8,78.69565217391305,11.622823699179213,0.4444
20,9,9,77.1014492753623,13.791534067881775,0.4444
21,10,10,76.5217391304348,15.455320448676432,0.4444
22,11,11,77.82608695652175,13.12752893008715,0.6154
23,12,12,77.82608695652173,13.80267488540169,0.4444
24,14,14,77.82608695652175,14.163856963874794,0.4444
26,15,15,77.68115942028984,13.273912388960373,0.8889
27,17,17,74.78260869565216,15.821800806613796,1.0
5,5,5,51.594202898550726,11.497455371410094,0.2353
9,6,6,49.56521739130435,13.115814643540984,0.2857
14,7,7,48.84057971014492,11.617154489656226,0.2857
18,8,8,48.69565217391303,10.812410118025834,0.2857
19,9,9,51.014492753623195,11.029564613543855,0.2857
20,10,10,52.89855072463769,12.882701102762505,0.2857
27,12,12,60.14492753623188,18.707700053250516,0.6154
6,3,3,60.869565217391305,23.381279555250103,0.6032
8,4,4,65.36231884057972,22.286906298505524,1.0
9,5,5,65.5072463768116,24.175467481136508,1.0
13,6,6,78.11594202898551,16.478516376673067,0.7619
14,7,7,76.08695652173914,16.92682331055978,0.7619
15,8,8,76.81159420289855,15.585484728159102,0.7619
20,9,9,79.71014492753623,13.405601251996769,0.8889
21,10,10,79.42028985507247,15.296800151066224,0.4444
27,12,12,72.02898550724639,20.639746162472385,1.0
7,5,5,31.30434782608695,13.285487275833969,0.0
10,6,6,50.28985507246377,17.405242548147935,0.4
11,7,7,57.10144927536233,16.493168093599348,0.4444
16,8,8,54.6376811594203,21.051623187369938,0.4444
22,9,9,49.42028985507247,20.21730866384382,0.4
23,10,10,45.65217391304348,22.483097638064073,0.2857
24,11,11,46.23188405797101,19.77919394099882,0.359
27,13,13,56.811594202898554,24.463501175572507,0.6667
8,4,4,67.82608695652173,13.581355894441765,0.0984
12,5,5,68.55072463768117,20.346148146529487,0.8571
16,6,6,67.82608695652173,20.46452203876071,0.0984
17,7,7,68.11594202898551,19.353857625976936,0.2857
18,8,8,68.40579710144927,21.73926218668904,0.7826
21,9,9,71.15942028985508,18.07975305018656,0.7059
22,10,10,71.44927536231884,18.499961423834268,0.7059
25,12,12,73.62318840579711,20.173816500609448,1.0
26,13,13,75.07246376811595,18.25381004140417,1.0
27,15,15,72.02898550724638,20.93132422405491,1.0
2,2,2,51.8840579710145,26.069566740878,0.0
3,3,3,45.94202898550724,24.057097941203494,-0.129
7,4,4,70.14492753623188,14.194829791073271,0.0
8,5,5,65.94202898550725,17.14337996149451,0.0
12,6,6,71.88405797101451,13.364587874191598,0.0
14,7,7,68.2608695652174,16.662713628701386,0.0
18,8,8,59.56521739130435,21.865159496887507,0.0
19,9,9,60.86956521739131,22.161423196293097,0.0
21,10,10,60.28985507246376,19.615316718779784,0.0
22,11,11,59.420289855072454,18.46788569198892,0.0
23,12,12,59.71014492753623,20.887216221727417,0.0
25,14,14,62.753623188405804,19.086516842124187,0.0
27,15,15,59.2753623188406,18.774486280322776,-0.1538
2,2,2,62.31884057971014,18.81421079629895,-0.0606
3,3,3,72.89855072463769,10.459365713916947,0.0
5,4,4,75.65217391304348,9.818287544771454,0.0
11,5,5,79.1304347826087,4.519027260166517,0.0
16,6,6,80.43478260869564,4.638916172844222,0.0
17,7,7,79.56521739130436,4.851777538065141,0.0
18,8,8,78.55072463768116,4.360762485051465,0.0
19,9,9,77.97101449275362,4.686012975962694,0.0
23,10,10,73.47826086956523,8.673555587814773,0.0
27,12,12,69.42028985507247,10.476147699380546,0.0
15,6,6,46.08695652173913,17.996974322386798,0.321
16,7,7,44.05797101449274,20.693934155873006,0.321
21,8,8,41.30434782608695,20.97952658647735,0.1667
22,9,9,44.63768115942028,21.47912142069204,0.321
23,10,10,45.65217391304348,22.483097638064073,0.321
24,11,11,46.23188405797101,19.77919394099882,0.359
27,13,13,56.811594202898554,24.463501175572507,0.6667
7,3,3,50.869565217391305,11.858483359188448,0.186
11,4,4,50.28985507246377,13.850319745361405,0.2353
15,5,5,50.14492753623189,11.954385563954396,0.2857
16,6,6,50.57971014492753,13.013286679974286,0.2353
17,7,7,51.01449275362319,12.530156859268548,0.2857
18,8,8,48.985507246376805,13.42524316912726,0.2857
19,9,9,52.89855072463767,12.645290888014905,0.2857
20,10,10,52.89855072463769,12.882701102762505,0.2857
27,12,12,60.14492753623188,18.707700053250516,0.6154
3,3,3,54.34782608695652,13.612040963819574,0.2857
4,4,4,52.31884057971015,16.281450764556634,0.2857
8,5,5,54.20289855072463,16.673252980564047,0.2857
13,6,6,51.59420289855072,12.904840733655018,0.2353
17,7,7,50.14492753623188,12.652235035099514,0.186
18,8,8,50.579710144927546,12.6192163034867,0.186
19,9,9,56.08695652173914,11.221019863668875,0.2857
20,10,10,52.89855072463769,12.882701102762505,0.2857
27,12,12,60.14492753623188,18.707700053250516,0.6154
3,3,3,68.84057971014494,12.210638500011068,0.0
9,4,4,76.3768115942029,7.1712841698474925,0.0
13,5,5,69.1304347826087,11.065342714906265,0.0
18,6,6,74.34782608695653,6.994570954466406,0.0
20,7,7,74.92753623188405,6.9536390601746,0.0
21,8,8,73.91304347826087,9.56910928129765,0.0
22,9,9,73.18840579710145,8.007462483446552,0.0
23,10,10,73.47826086956523,8.673555587814773,0.0
27,12,12,69.42028985507247,10.476147699380546,0.0
3,3,3,63.333333333333336,21.927336381970346,0.2857
4,4,4,67.53623188405798,15.673995426522652,0.2857
7,5,5,67.3913043478261,14.104821216685986,0.0
11,6,6,64.05797101449276,11.718780650669842,0.0
16,7,7,65.94202898550724,12.348333291988496,0.0
17,8,8,68.69565217391305,12.742164573373364,0.1935
18,9,9,68.98550724637683,12.48978502248027,0.4615
22,10,10,71.44927536231884,18.499961423834268,0.7826
24,12,12,71.73913043478261,21.36431380269422,1.0
26,13,13,71.7391304347826,21.692748060156116,1.0
27,15,15,72.02898550724638,20.93132422405491,1.0
6,2,2,45.3623188405797,18.027451862123932,0.1935
7,3,3,57.246376811594196,16.194904233878297,0.359
8,4,4,50.86956521739131,17.239178754969892,0.2857
9,5,5,50.43478260869565,16.370222653443662,0.2222
10,6,6,52.02898550724639,18.415494421345496,0.2857
11,7,7,46.811594202898554,15.25799213889795,0.2222
14,8,8,41.73913043478261,19.946128588629236,0.2222
17,9,9,53.91304347826088,17.455634207004035,0.4
23,10,10,45.65217391304348,22.483097638064073,0.321
24,11,11,46.23188405797101,19.77919394099882,0.359
27,13,13,56.811594202898554,24.463501175572507,0.6667
4,2,2,51.15942028985508,14.446302370292294,0.2222
5,3,3,50.43478260869565,13.93724563843035,0.2529
10,4,4,41.739130434782616,16.510466995866803,0.2529
13,5,5,60.14492753623189,16.22064593084079,0.6032
14,6,6,54.20289855072464,18.346204608576254,0.359
15,7,7,50.1449275362319,20.337512259830387,0.359
16,8,8,48.98550724637681,20.261791244932606,0.321
17,9,9,53.91304347826088,17.455634207004035,0.4
23,10,10,45.65217391304348,22.483097638064073,0.321
24,11,11,46.23188405797101,19.77919394099882,0.359
27,13,13,56.811594202898554,24.463501175572507,0.6667
11,6,6,64.05797101449276,11.718780650669842,0.0
16,7,7,65.94202898550724,12.348333291988496,0.0
20,8,8,73.18840579710145,16.34471653024626,0.6269
21,9,9,69.8550724637681,17.99209312503036,0.375
22,10,10,71.44927536231884,18.499961423834268,0.8571
24,12,12,71.73913043478261,21.36431380269422,1.0
26,13,13,71.7391304347826,21.692748060156116,1.0
27,15,15,72.02898550724638,20.93132422405491,1.0
19,7,7,54.34782608695652,19.265156242794625,0.4444
20,8,8,53.6231884057971,19.589552035918043,0.2857
21,9,9,55.79710144927536,19.127889398275897,0.557
22,10,10,54.782608695652165,18.717087934937002,0.2353
23,12,12,51.8840579710145,21.149446274875853,0.3902
27,13,13,56.811594202898554,18.57222485950145,0.6154
7,2,2,51.8840579710145,14.76503127124799,0.2353
8,3,3,58.2608695652174,16.75339752117206,0.557
9,4,4,56.521739130434796,15.520539043199463,0.557
12,5,5,55.072463768115945,14.970326380435328,0.5
13,6,6,58.26086956521739,16.449173790844497,0.6154
18,7,7,57.246376811594196,15.68799882020882,0.557
19,8,8,56.3768115942029,16.17183745731195,0.557
23,9,9,58.98550724637681,17.420375351367156,0.6154
24,10,10,57.3913043478261,17.493332690639097,0.6154
26,12,12,56.23188405797102,12.64529088801484,0.4
27,13,13,53.91304347826088,14.27196778859273,0.4
2,2,2,60.28985507246376,17.31797231576368,0.6154
8,3,3,48.985507246376805,13.120836332695802,0.0449
9,4,4,48.84057971014494,13.127528930087188,0.0
11,5,5,49.130434782608695,13.03520451980248,0.0
15,6,6,52.89855072463769,18.12705851288014,0.3902
16,7,7,53.76811594202898,17.618411737371908,0.2857
20,8,8,52.753623188405804,21.78063670478205,0.2353
21,9,9,54.05797101449276,19.25261419319071,0.3373
22,10,10,54.782608695652165,18.717087934937002,0.4444
26,12,12,58.84057971014492,19.37426950469566,0.6154
27,13,13,56.811594202898554,18.57222485950145,0.6154
5,2,2,68.9855072463768,11.653012902496698,0.4615
9,3,3,67.2463768115942,11.662431002233657,0.4615
11,4,4,66.23188405797102,10.16551646877112,0.375
12,5,5,66.95652173913044,9.476874750071705,0.4615
16,6,6,67.2463768115942,13.244101942970753,0.5455
17,7,7,69.1304347826087,12.721468028190435,0.5455
18,8,8,67.82608695652175,12.537164777522847,0.5455
19,9,9,66.23188405797102,13.828105906292583,0.5455
20,10,10,66.66666666666666,14.940961255298307,0.5455
21,11,11,67.1014492753623,14.224191508368973,0.5455
22,12,12,66.66666666666666,14.839205511145824,0.5455
23,13,13,65.65217391304348,14.683006827749326,0.5455
24,15,15,66.37681159420289,13.740489584379679,0.5455
27,16,16,67.97101449275362,12.860523358138856,0.5455
2,2,2,66.81159420289855,23.386913824874075,1.0
3,3,3,76.23188405797102,18.210451761548484,0.0
4,4,4,78.55072463768116,15.23638942080258,0.0
6,5,5,77.97101449275362,11.134582148922,0.0
7,6,6,79.42028985507248,9.355610530425619,0.0
8,7,7,79.85507246376812,9.820523802070623,0.0
12,8,8,80.00000000000001,9.101004495564215,0.0
16,9,9,78.9855072463768,16.156894347561934,0.8889
21,10,10,79.42028985507247,15.296800151066224,0.4444
27,12,12,72.02898550724639,20.639746162472385,1.0
2,2,2,59.85507246376812,15.906236019646254,0.6269
6,3,3,55.362318840579704,16.959224135185472,0.3373
7,4,4,55.21739130434783,19.301595866310794,0.2683
9,5,5,61.73913043478263,17.66322336991591,0.5455
13,6,6,65.21739130434784,15.596752023849547,0.5455
14,7,7,68.84057971014492,13.46933275634645,0.5455
15,8,8,65.94202898550725,16.173195237210834,0.5455
16,9,9,66.52173913043477,14.85547414219619,0.5455
17,10,10,63.91304347826087,14.552315026807202,0.5455
18,11,11,66.08695652173914,15.720159286501294,0.5455
22,12,12,66.66666666666666,14.839205511145824,0.5455
23,13,13,65.65217391304348,14.683006827749326,0.5455
26,15,15,66.66666666666667,14.907119849998557,0.5455
27,16,16,67.97101449275362,12.860523358138856,0.5455
5,2,2,57.10144927536233,25.94291222615195,0.1379
6,3,3,56.811594202898554,27.08904622021184,0.9315
11,4,4,67.68115942028984,22.393063108077033,0.7826
12,5,5,69.71014492753623,20.521312978015775,0.9296
13,6,6,66.3768115942029,21.67046688067714,0.6269
14,7,7,69.27536231884059,22.873312086296128,1.0
15,8,8,71.15942028985508,20.87985582916319,1.0
19,9,9,70.14492753623189,21.44945340523618,0.9296
22,10,10,71.44927536231884,18.499961423834268,0.7826
24,12,12,72.46376811594203,20.626975358220452,1.0
26,13,13,71.7391304347826,21.692748060156116,1.0
27,15,15,72.02898550724638,20.93132422405491,1.0
2,2,2,50.43478260869565,21.6795846764536,-0.0606
3,3,3,46.956521739130444,22.4713744613021,0.1111
4,4,4,44.20289855072463,23.273025772130516,0.086
8,5,5,70.43478260869566,17.70420106014009,0.0
13,6,6,76.81159420289855,10.370814763467065,0.0
14,7,7,71.30434782608697,18.222506076604812,0.0
18,8,8,71.30434782608697,22.30955609976284,0.7619
20,9,9,73.91304347826087,17.827800725272926,0.6154
21,10,10,79.1304347826087,13.45465228031513,0.6154
22,11,11,77.82608695652175,13.12752893008715,0.6154
23,12,12,77.82608695652173,13.80267488540169,0.4444
24,14,14,77.82608695652175,14.163856963874794,0.4444
26,15,15,77.68115942028984,13.273912388960373,0.8889
27,17,17,74.78260869565216,15.821800806613796,1.0
3,2,2,65.79710144927537,17.121591050641317,0.0
4,3,3,62.7536231884058,20.01646226305556,0.2424
8,4,4,61.73913043478261,26.73985345595315,1.0
12,5,5,73.04347826086955,18.447661248342484,0.6154
13,6,6,73.33333333333334,17.465695092108557,0.8889
14,7,7,74.92753623188406,15.950351163525767,0.7619
15,8,8,76.08695652173913,15.097400067596269,0.8889
16,9,9,71.44927536231883,17.80438281521803,0.8889
21,10,10,78.40579710144927,12.221423697314679,0.6154
22,11,11,77.82608695652175,13.12752893008715,0.6154
23,12,12,77.82608695652173,13.80267488540169,0.4444
25,14,14,76.66666666666666,15.699192541804424,0.8889
26,15,15,77.68115942028984,13.273912388960373,0.8889
27,17,17,74.78260869565216,15.821800806613796,1.0
8,5,5,50.43478260869565,11.428493004310884,0.2857
9,6,6,49.56521739130435,13.115814643540984,0.2857
10,7,7,49.85507246376812,13.313555819356322,0.2857
14,8,8,46.95652173913044,11.455361035021447,0.2857
19,9,9,48.1159420289855,12.34299731768447,0.2353
20,10,10,52.89855072463769,12.882701102762505,0.2857
27,12,12,60.14492753623188,18.707700053250516,0.6154
7,3,3,53.76811594202898,14.574931703708435,0.5
8,4,4,60.14492753623189,13.539253104057197,0.6154
9,5,5,60.869565217391305,13.189274465014508,0.6154
12,6,6,56.3768115942029,16.6336959782615,0.6154
18,7,7,53.33333333333333,17.174093715520936,0.557
22,8,8,58.11594202898551,18.608841358981994,0.6154
23,9,9,58.98550724637681,17.420375351367156,0.557
24,10,10,57.3913043478261,17.493332690639097,0.6154
25,12,12,57.10144927536233,16.15281655478736,0.6154
26,13,13,59.420289855072454,16.686417809287494,0.6154
27,15,15,53.91304347826088,14.27196778859273,0.4
10,6,6,80.1449275362319,11.698150629525712,0.0
11,7,7,82.31884057971016,10.221525247859041,0.0
16,8,8,81.30434782608697,8.746666345319454,0.0
17,9,9,81.73913043478261,6.880624620561742,0.0
21,10,10,79.42028985507247,15.296800151066224,0.4444
27,12,12,72.02898550724639,20.639746162472385,1.0
16,6,6,50.869565217391305,12.561661703447783,0.2353
17,7,7,55.21739130434783,11.799079186659107,0.2857
18,8,8,56.521739130434774,12.246552220212456,0.2857
19,9,9,51.014492753623195,11.029564613543855,0.2857
20,10,10,52.89855072463769,12.882701102762505,0.2857
27,12,12,60.14492753623188,18.707700053250516,0.6154
10,4,4,37.97101449275363,15.200316664523797,0.1414
11,5,5,37.536231884057976,16.305709209742275,0.2222
14,6,6,54.20289855072464,18.346204608576254,0.4
20,7,7,46.95652173913044,21.17538697673326,0.2857
21,8,8,50.43478260869566,18.703004345331845,0.321
22,9,9,48.550724637681164,21.17331289014454,0.321
23,10,10,45.65217391304348,22.483097638064073,0.321
24,11,11,46.23188405797101,19.77919394099882,0.359
27,13,13,56.811594202898554,24.463501175572507,0.6667
8,4,4,73.18840579710145,11.826962043626365,0.0
12,5,5,56.3768115942029,22.60582394518429,0.0
13,6,6,55.79710144927536,24.250739680572572,0.0
15,7,7,60.72463768115942,20.76702226795909,0.0
16,8,8,57.82608695652174,21.66337260862152,0.0
17,9,9,60.0,19.12214856276789,-0.0606
18,10,10,58.550724637681164,20.617392063780475,-0.0606
22,11,11,63.04347826086956,19.40824159725021,0.0
23,12,12,59.71014492753623,20.887216221727417,0.0
25,14,14,54.20289855072465,18.9421605357458,-0.2222
27,15,15,59.2753623188406,18.774486280322776,-0.1538
12,6,6,50.0,13.026778945578597,0.2857
13,7,7,48.985507246376805,13.235809348116701,0.2857
14,8,8,46.95652173913044,11.455361035021447,0.2353
15,9,9,50.43478260869565,10.410966820010545,0.2857
20,10,10,52.89855072463769,12.882701102762505,0.2857
27,12,12,60.14492753623188,18.707700053250516,0.6154
8,3,3,54.20289855072464,16.551645263039052,0.5
9,4,4,56.521739130434796,15.520539043199463,0.557
14,5,5,53.478260869565226,16.344716530246277,0.4444
15,6,6,52.89855072463769,16.67588677774978,0.5
18,7,7,52.898550724637694,16.090160988393183,0.3902
19,8,8,56.3768115942029,16.17183745731195,0.557
23,9,9,58.98550724637681,17.420375351367156,0.6154
24,10,10,57.3913043478261,17.493332690639097,0.6154
25,12,12,57.10144927536233,16.15281655478736,0.6154
26,13,13,59.420289855072454,16.686417809287494,0.6154
27,15,15,53.91304347826088,14.27196778859273,0.4
17,8,8,47.97101449275362,12.09136641795775,0.0
18,9,9,47.82608695652175,12.251930198464816,0.0
22,10,10,54.782608695652165,18.717087934937002,0.4444
23,12,12,53.33333333333333,18.667748886377545,0.5
26,13,13,58.84057971014492,19.37426950469566,0.6154
27,15,15,56.811594202898554,18.57222485950145,0.6154
2,2,2,56.08695652173912,9.93169469466946,0.3373
3,3,3,55.65217391304348,13.425243169127247,0.557
4,4,4,60.14492753623188,11.784181353461845,0.6479
5,5,5,57.246376811594196,13.395769493246979,0.3373
9,6,6,61.01449275362319,13.86933186103102,0.4444
10,7,7,52.463768115942024,15.479454982978217,0.2857
14,8,8,51.01449275362319,12.078647267254881,0.2857
15,9,9,50.43478260869565,10.410966820010545,0.2857
20,10,10,52.89855072463769,12.882701102762505,0.2857
27,12,12,60.14492753623188,18.707700053250516,0.6154
7,4,4,52.17391304347826,8.73913152725608,0.0909
12,5,5,49.1304347826087,10.010973338097976,0.0909
13,6,6,53.04347826086958,11.716906695168888,0.2857
14,7,7,52.608695652173914,11.761799222424123,0.2857
15,8,8,56.08695652173914,12.699008706760788,0.2857
19,9,9,56.08695652173914,11.221019863668875,0.2857
20,10,10,52.89855072463769,12.882701102762505,0.2857
27,12,12,60.14492753623188,18.707700053250516,0.6154
4,4,4,78.69565217391305,14.830324190343504,0.0
8,5,5,80.43478260869566,10.507541679553892,0.0
10,6,6,80.57971014492755,9.192232882532302,0.0
11,7,7,81.30434782608695,8.148813536664955,0.0
15,8,8,78.11594202898551,16.200326937607645,0.7619
16,9,9,78.9855072463768,16.156894347561934,0.8889
21,10,10,79.42028985507247,15.296800151066224,0.4444
27,12,12,72.02898550724639,20.639746162472385,1.0
2,2,2,53.04347826086958,18.638318395292625,0.359
3,3,3,66.37681159420289,13.959285801180958,0.7059
9,4,4,46.81159420289856,15.937956121246907,0.2529
10,5,5,44.92753623188406,17.918715604262914,0.2529
15,6,6,43.913043478260875,20.1672845864021,0.2529
18,7,7,40.14492753623188,17.392621820980338,0.2857
19,8,8,39.42028985507247,19.711355849030635,0.2857
20,9,9,39.56521739130435,21.515893768858756,0.2529
23,10,10,45.65217391304348,22.483097638064073,0.321
24,11,11,46.23188405797101,19.77919394099882,0.359
27,13,13,56.811594202898554,24.463501175572507,0.6667
9,5,5,68.1159420289855,21.504664444844888,1.0
10,6,6,66.81159420289855,21.3313981335705,1.0
14,7,7,74.6376811594203,18.956066442820568,0.8889
15,8,8,76.81159420289855,15.585484728159102,0.7619
16,9,9,78.9855072463768,16.156894347561934,0.8889
21,10,10,79.42028985507247,15.296800151066224,0.4444
27,12,12,72.02898550724639,20.639746162472385,1.0
7,3,3,71.59420289855072,16.10789270172531,0.0
8,4,4,67.97101449275362,18.333033893829633,0.0
9,5,5,65.50724637681161,18.79202215351919,0.0
10,6,6,66.23188405797102,20.158572075103933,0.0
11,7,7,66.95652173913044,17.434235548769017,0.0
12,8,8,67.97101449275362,17.801915980039503,0.0
16,9,9,53.62318840579711,24.493104440424766,0.0
20,10,10,58.2608695652174,21.102672654165822,0.0
21,11,11,61.594202898550726,20.910332017164905,0.0
23,12,12,59.71014492753623,20.887216221727417,0.0
25,14,14,54.20289855072465,18.9421605357458,-0.1905
27,15,15,59.2753623188406,18.774486280322776,-0.1538
3,3,3,60.57971014492753,16.163688382741988,0.5455
7,4,4,61.88405797101448,14.313449455306717,0.375
9,5,5,62.17391304347826,11.875137241191993,0.1935
10,6,6,62.89855072463769,12.156568986408107,0.0984
14,7,7,65.94202898550725,17.46443779843154,0.5455
15,8,8,64.4927536231884,16.624452467695928,0.5455
16,9,9,65.07246376811595,15.791237987861585,0.5455
17,10,10,63.91304347826087,14.552315026807202,0.5455
18,11,11,66.08695652173914,15.720159286501294,0.5455
22,12,12,66.66666666666666,14.839205511145824,0.5455
23,13,13,65.65217391304348,14.683006827749326,0.5455
26,15,15,66.66666666666667,14.907119849998557,0.5455
27,16,16,67.97101449275362,12.860523358138856,0.5455
2,2,2,60.7246376811594,20.596079889318858,0.0
7,3,3,77.97101449275362,7.570485649179245,0.0
11,4,4,68.26086956521739,12.747333459221867,0.0
12,5,5,65.3623188405797,12.339438719565972,-0.0606
13,6,6,67.97101449275362,10.187094749194879,0.0
14,7,7,67.97101449275362,9.9361156584738,0.0
15,8,8,66.81159420289855,11.996559307642482,0.0
17,9,9,67.82608695652173,9.92948347462771,0.0
23,10,10,73.47826086956523,8.673555587814773,0.0
27,12,12,69.42028985507247,10.476147699380546,0.0
2,2,2,66.81159420289855,23.386913824874075,1.0
6,3,3,50.14492753623187,25.750909778369078,0.321
7,4,4,57.68115942028986,25.214930293493836,0.8148
9,5,5,62.02898550724639,24.918840595035515,0.902
13,6,6,73.04347826086956,21.786684921690824,0.7619
14,7,7,77.53623188405798,17.500862642644602,0.7619
15,8,8,78.11594202898551,16.200326937607645,0.8889
20,9,9,78.55072463768116,15.136619819234527,0.7619
21,10,10,79.42028985507247,15.296800151066224,0.4444
27,12,12,72.02898550724639,20.639746162472385,1.0
3,3,3,76.23188405797102,18.210451761548484,0.0
4,4,4,78.11594202898551,17.60469654268771,0.0
6,5,5,76.5217391304348,13.0453080256623,0.0
10,6,6,67.97101449275362,22.422461916992336,1.0
15,7,7,78.40579710144927,16.201682329949524,0.8889
16,8,8,78.1159420289855,15.853689847296238,0.6154
20,9,9,80.00000000000001,15.699192541804381,0.4444
21,10,10,79.42028985507247,15.296800151066224,0.4444
27,12,12,72.02898550724639,20.639746162472385,1.0
12,4,4,54.49275362318841,17.454376188609796,0.5
14,5,5,53.18840579710145,17.070213317253263,0.4444
15,6,6,54.20289855072464,16.55164526303903,0.3902
16,7,7,54.92753623188406,16.571533496988412,0.3373
17,8,8,53.333333333333336,18.285060413994653,0.4444
18,9,9,53.333333333333336,19.617555526835773,0.4444
22,10,10,54.782608695652165,18.717087934937002,0.3373
26,12,12,58.84057971014492,19.37426950469566,0.557
27,13,13,56.811594202898554,18.57222485950145,0.6154
2,2,2,56.66666666666667,15.439683882250874,0.4776
3,3,3,53.91304347826087,17.426676807659874,-0.0256
5,4,4,62.463768115942024,14.641072410090853,0.5455
6,5,5,60.57971014492753,16.4117528075217,0.5455
10,6,6,58.69565217391305,18.055445761633678,0.5455
11,7,7,63.91304347826087,19.427466080166077,0.5455
15,8,8,64.78260869565217,17.286243931201817,0.5455
16,9,9,66.81159420289855,13.275566562110074,0.5455
20,10,10,67.10144927536231,15.152569133301496,0.5455
21,11,11,67.10144927536231,15.416911474750387,0.5455
22,12,12,66.66666666666666,14.839205511145824,0.5455
23,13,13,65.65217391304348,14.683006827749326,0.5455
26,15,15,66.66666666666667,14.907119849998557,0.5455
27,16,16,67.97101449275362,12.860523358138856,0.5455
5,2,2,59.56521739130436,10.977679274262487,0.0984
11,3,3,53.91304347826086,18.9803772650674,0.4444
12,4,4,59.56521739130434,15.773150304596825,0.6154
13,5,5,54.92753623188405,17.974998495873624,0.6154
16,6,6,56.23188405797101,17.416593383232424,0.6154
17,7,7,57.101449275362306,18.015267033518512,0.6154
22,8,8,58.405797101449274,17.1702575008015,0.5
23,9,9,58.98550724637681,17.420375351367156,0.6154
24,10,10,57.3913043478261,17.493332690639097,0.6154
25,12,12,57.82608695652174,16.224706675911484,0.6154
26,13,13,59.420289855072454,16.686417809287494,0.6154
27,15,15,53.91304347826088,14.27196778859273,0.4
6,3,3,63.333333333333336,17.26209135591045,0.5455
8,4,4,62.898550724637666,15.18586356943804,0.2857
9,5,5,63.76811594202899,15.514878744308383,0.4615
10,6,6,63.478260869565226,13.351436985029594,0.4615
11,7,7,62.463768115942024,14.502434184547093,0.375
12,8,8,62.75362318840581,15.395531750867207,0.4615
13,9,9,63.04347826086956,14.351751502522717,0.5455
17,10,10,67.3913043478261,10.296440580384262,0.4615
18,11,11,67.3913043478261,9.208939537930686,0.375
22,12,12,66.66666666666666,14.839205511145824,0.5455
23,13,13,65.65217391304348,14.683006827749326,0.5455
26,15,15,66.66666666666667,14.907119849998557,0.5455
27,16,16,67.97101449275362,12.860523358138856,0.5455
7,4,4,57.246376811594196,18.92708427370905,0.557
8,5,5,51.59420289855072,13.25238934878958,0.186
13,6,6,48.985507246376805,10.704232270164582,0.2857
14,7,7,48.84057971014492,11.617154489656226,0.2857
18,8,8,48.69565217391303,10.812410118025834,0.2857
19,9,9,48.1159420289855,12.34299731768447,0.2857
20,10,10,52.89855072463769,12.882701102762505,0.2857
27,12,12,60.14492753623188,18.707700053250516,0.6154
2,2,2,60.28985507246376,17.31797231576368,0.6154
3,3,3,56.52173913043478,16.711402411985624,0.2857
4,4,4,51.88405797101449,12.38384769748352,0.0
10,5,5,51.59420289855072,13.403963126341216,0.0909
12,6,6,49.420289855072454,13.694066174698236,0.0449
16,7,7,48.84057971014494,13.729298305881933,0.0
17,8,8,47.97101449275363,13.7708200659096,0.0
18,9,9,47.82608695652175,12.251930198464816,0.0
22,10,10,54.782608695652165,18.717087934937002,0.4444
26,12,12,58.84057971014492,19.37426950469566,0.6154
27,13,13,56.811594202898554,18.57222485950145,0.6154
2,2,2,53.76811594202899,20.67801125155122,-0.0606
3,3,3,45.94202898550724,24.057097941203494,-0.0256
7,4,4,37.10144927536232,22.186180698032377,0.0
8,5,5,42.17391304347826,24.21721350510192,0.1176
10,6,6,53.188405797101446,21.16501451126805,-0.0606
12,7,7,50.72463768115942,23.61211214907586,0.2857
13,8,8,52.46376811594203,21.0870583918325,-0.0606
14,9,9,52.31884057971014,23.87752382574851,-0.0606
15,10,10,52.60869565217392,22.873312086296135,-0.0606
19,11,11,58.11594202898549,20.6663266579197,-0.0606
23,12,12,59.71014492753623,20.887216221727417,0.0
25,14,14,54.20289855072465,18.9421605357458,-0.1905
26,15,15,55.79710144927536,17.644565687123624,-0.25
27,17,17,59.2753623188406,18.774486280322776,-0.1538
6,2,2,66.5217391304348,25.23582231969217,1.0
7,3,3,64.92753623188406,25.383315231442456,1.0
8,4,4,68.84057971014494,23.83886766962457,1.0
9,5,5,72.46376811594202,22.54551829648009,1.0
14,6,6,77.82608695652173,15.492216868061313,0.4444
18,7,7,79.42028985507245,11.834386377090595,0.2424
19,8,8,77.68115942028986,13.94197146359196,0.2424
20,9,9,77.53623188405798,13.970292843229972,0.4444
21,10,10,78.40579710144927,12.221423697314679,0.6154
22,11,11,77.82608695652175,13.12752893008715,0.6154
23,12,12,77.82608695652173,13.80267488540169,0.4444
25,14,14,76.66666666666666,15.699192541804424,0.8889
26,15,15,77.68115942028984,13.273912388960373,0.8889
27,17,17,74.78260869565216,15.821800806613796,1.0
5,2,2,57.10144927536233,25.94291222615195,0.1379
9,3,3,70.28985507246377,22.200032839138967,1.0
10,4,4,71.30434782608695,22.9346707334397,1.0
11,5,5,68.98550724637683,23.407561210578166,0.9296
16,6,6,70.8695652173913,18.565129453374503,0.7826
17,7,7,68.84057971014492,19.322062954570335,0.375
18,8,8,69.56521739130434,18.64891872257744,0.375
19,9,9,70.14492753623189,21.44945340523618,0.9296
22,10,10,71.44927536231884,18.499961423834268,0.7826
24,12,12,71.73913043478261,21.36431380269422,1.0
26,13,13,71.7391304347826,21.692748060156116,1.0
27,15,15,72.02898550724638,20.93132422405491,1.0
2,2,2,60.7246376811594,20.596079889318858,0.0
3,3,3,66.23188405797102,16.73634971684488,0.0
7,4,4,55.362318840579704,18.68773514590838,-0.1905
8,5,5,56.23188405797102,14.188640634558777,-0.1111
9,6,6,53.91304347826087,19.634338450195166,0.0
11,7,7,60.28985507246376,18.853851614063196,0.0
17,8,8,71.7391304347826,8.40091176012506,0.0
22,9,9,73.18840579710145,8.007462483446552,0.0
23,10,10,73.47826086956523,8.673555587814773,0.0
27,12,12,69.42028985507247,10.476147699380546,0.0
3,2,2,65.79710144927537,17.121591050641317,0.0
4,3,3,69.13043478260872,14.948307944661474,0.0
5,4,4,71.88405797101449,11.841806055798823,0.0
6,5,5,68.1159420289855,17.861025990995934,0.0
7,6,6,70.57971014492753,13.090677302393418,0.0
11,7,7,75.21739130434783,8.517722875650819,0.0
16,8,8,79.42028985507248,4.222615149411784,0.0
20,9,9,80.0,9.320337272260454,0.0
21,10,10,79.27536231884058,11.144438380071229,0.4444
22,11,11,77.82608695652175,13.12752893008715,0.6154
23,12,12,77.82608695652173,13.80267488540169,0.4444
25,14,14,76.66666666666666,15.699192541804424,0.8889
26,15,15,77.68115942028984,13.273912388960373,0.8889
27,17,17,74.78260869565216,15.821800806613796,1.0
5,2,2,52.75362318840578,25.517911592318413,0.1935
6,3,3,60.869565217391305,23.381279555250103,0.7368
11,4,4,75.07246376811592,18.031105705054827,0.8889
12,5,5,76.08695652173914,16.986393066425634,0.8889
14,6,6,77.24637681159419,14.929199032451523,0.8889
15,7,7,79.85507246376811,13.389210976578106,0.8889
16,8,8,79.13043478260869,14.60653621867359,0.7619
20,9,9,80.57971014492753,13.767630530240721,0.7619
21,10,10,79.42028985507247,15.296800151066224,0.6154
27,12,12,72.02898550724639,20.639746162472385,1.0
10,4,4,33.04347826086957,15.17284401266244,0.0351
11,5,5,33.6231884057971,14.904173487710711,0.0171
12,6,6,30.289855072463766,11.716906695168909,0.0171
15,7,7,47.391304347826086,19.461345311993657,0.2529
16,8,8,46.37681159420291,19.896526357360752,0.2857
22,9,9,42.89855072463769,21.795754100145913,0.1667
23,10,10,45.65217391304348,22.483097638064073,0.2857
24,11,11,46.23188405797101,19.77919394099882,0.359
27,13,13,56.811594202898554,24.463501175572507,0.6667
3,3,3,55.65217391304348,13.425243169127247,0.5333
4,4,4,60.14492753623188,11.784181353461845,0.6479
5,5,5,59.71014492753622,13.292096971405005,0.4444
6,6,6,54.92753623188406,12.180028578750651,0.2857
11,7,7,54.92753623188406,11.715032439906905,0.3373
15,8,8,54.49275362318841,12.49681558032525,0.2857
19,9,9,52.608695652173914,11.804661026845212,0.2857
20,10,10,52.89855072463769,12.882701102762505,0.2857
27,12,12,60.14492753623188,18.707700053250516,0.6154
6,3,3,73.18840579710144,10.985677584448867,0.0
7,4,4,73.04347826086955,9.53001867986883,0.0
11,5,5,56.521739130434796,18.86898638886026,0.0
12,6,6,53.62318840579711,20.3978866868892,-0.1111
13,7,7,56.08695652173913,21.382806600022914,-0.0606
15,8,8,51.15942028985508,24.38348289380537,0.0
16,9,9,57.97101449275363,21.313891008779283,-0.1111
17,10,10,55.5072463768116,21.84908512640245,-0.1111
21,11,11,61.594202898550726,20.910332017164905,0.0
23,12,12,59.71014492753623,20.887216221727417,0.0
25,14,14,54.20289855072465,18.9421605357458,-0.1905
26,15,15,55.79710144927536,17.644565687123624,-0.1905
27,17,17,59.2753623188406,18.774486280322776,-0.1538
7,2,2,51.8840579710145,14.76503127124799,0.2353
12,3,3,48.55072463768117,15.596752023849547,0.0
13,4,4,53.188405797101446,16.891760613859205,0.5
14,5,5,53.62318840579711,17.023840783693494,0.4444
15,6,6,52.89855072463769,16.67588677774978,0.3902
19,7,7,55.362318840579704,16.414428564090798,0.557
20,8,8,58.405797101449274,16.045061709762678,0.6154
23,9,9,58.98550724637681,17.420375351367156,0.6154
24,10,10,57.3913043478261,17.493332690639097,0.6154
25,12,12,57.10144927536233,16.15281655478736,0.6154
26,13,13,59.420289855072454,16.686417809287494,0.6154
27,15,15,53.91304347826088,14.27196778859273,0.4
10,6,6,51.73913043478261,16.045061709762667,0.0449
11,7,7,51.30434782608695,14.555332614196116,0.0909
17,8,8,48.11594202898551,11.926800605499995,0.0
21,9,9,54.05797101449276,19.25261419319071,0.3902
22,10,10,54.782608695652165,18.717087934937002,0.2353
23,12,12,51.8840579710145,21.149446274875853,0.3902
27,13,13,56.811594202898554,18.57222485950145,0.6154
7,4,4,61.8840579710145,11.273733078791565,0.127
8,5,5,60.43478260869567,14.045537334550348,0.3478
11,6,6,60.14492753623188,15.15836472316092,0.6154
17,7,7,57.82608695652174,17.07407200998624,0.6154
18,8,8,58.69565217391303,16.59801407235957,0.6154
23,9,9,58.98550724637681,17.420375351367156,0.6154
24,10,10,57.3913043478261,17.493332690639097,0.6154
25,12,12,57.82608695652174,16.224706675911484,0.6154
26,13,13,59.420289855072454,16.686417809287494,0.6154
27,15,15,53.91304347826088,14.27196778859273,0.4
2,2,2,60.28985507246376,17.31797231576368,0.6154
3,3,3,56.52173913043478,16.711402411985624,0.2857
4,4,4,52.60869565217392,17.084357596467285,0.0
5,5,5,49.13043478260869,14.571918174946045,0.0
9,6,6,51.88405797101449,17.22771102697078,0.0
13,7,7,58.985507246376805,17.128002431150914,0.5
14,8,8,56.666666666666664,20.64612860229799,0.4444
20,9,9,54.4927536231884,18.356973619220085,0.2353
22,10,10,54.782608695652165,18.717087934937002,0.3373
23,12,12,51.8840579710145,21.149446274875853,0.3902
27,13,13,56.811594202898554,18.57222485950145,0.6154
2,2,2,53.76811594202899,20.67801125155122,-0.0606
4,3,3,64.78260869565219,13.810627109881823,0.0
5,4,4,70.28985507246377,12.223220304997568,0.0
6,5,5,70.72463768115942,10.728820891239394,0.0
7,6,6,62.7536231884058,19.34931872872273,0.0
9,7,7,63.33333333333333,18.034758807716972,-0.0606
13,8,8,66.81159420289856,16.981221383228732,0.0
17,9,9,73.91304347826087,12.896329988988853,0.0
18,10,10,73.18840579710145,14.855474142196147,0.0
19,11,11,72.02898550724638,16.689049528854174,0.0
23,12,12,59.71014492753623,20.887216221727417,0.0
25,14,14,54.20289855072465,18.9421605357458,-0.1905
27,15,15,59.2753623188406,18.774486280322776,-0.1538
